ces_industry_code,industry_title,parent_ces_code,ownership,supersector_code,industry_subcode,series_industry_8digit,hierarchy_depth,series_id_SA_employment,series_id_NSA_employment,series_id_SA_avg_hourly_earnings,series_id_NSA_avg_hourly_earnings,series_id_SA_avg_weekly_hours,series_id_NSA_avg_weekly_hours,series_id_SA_avg_weekly_earnings,series_id_NSA_avg_weekly_earnings,display_level,supersector_name
00-000000,Total nonfarm,,Private and all government,00,000000,00000000,0,CES0000000001,CEU0000000001,CES0000000003,CEU0000000003,CES0000000002,CEU0000000002,CES0000000011,CEU0000000011,0,Total Nonfarm
05-000000,Total private,00-000000,Private,05,000000,05000000,1,CES0500000001,CEU0500000001,CES0500000003,CEU0500000003,CES0500000002,CEU0500000002,CES0500000011,CEU0500000011,0,Total Private
06-000000,Goods-producing,05-000000,Private,06,000000,06000000,2,CES0600000001,CEU0600000001,CES0600000003,CEU0600000003,CES0600000002,CEU0600000002,CES0600000011,CEU0600000011,1,Goods-Producing
07-000000,Service-providing,00-000000,Private and all government,07,000000,07000000,1,CES0700000001,CEU0700000001,CES0700000003,CEU0700000003,CES0700000002,CEU0700000002,CES0700000011,CEU0700000011,1,Service-Providing
08-000000,Private service-providing,05-000000,Private,08,000000,08000000,2,CES0800000001,CEU0800000001,CES0800000003,CEU0800000003,CES0800000002,CEU0800000002,CES0800000011,CEU0800000011,1,Private Service-Providing
10-000000,Mining and logging,06-000000,Private,10,000000,10000000,3,CES1000000001,CEU1000000001,CES1000000003,CEU1000000003,CES1000000002,CEU1000000002,CES1000000011,CEU1000000011,2,Mining and Logging
10-113300,Logging,10-000000,Private,10,113300,10113300,4,CES1011330001,CEU1011330001,CES1011330003,CEU1011330003,CES1011330002,CEU1011330002,CES1011330011,CEU1011330011,3,Mining and Logging
10-210000,Mining - quarrying - and oil and gas extraction,10-000000,Private,10,210000,10210000,4,CES1021000001,CEU1021000001,CES1021000003,CEU1021000003,CES1021000002,CEU1021000002,CES1021000011,CEU1021000011,3,Mining and Logging
10-211000,Oil and gas extraction,10-210000,Private,10,211000,10211000,5,CES1021100001,CEU1021100001,CES1021100003,CEU1021100003,CES1021100002,CEU1021100002,CES1021100011,CEU1021100011,4,Mining and Logging
10-212000,Mining (except oil and gas),10-210000,Private,10,212000,10212000,5,CES1021200001,CEU1021200001,CES1021200003,CEU1021200003,CES1021200002,CEU1021200002,CES1021200011,CEU1021200011,4,Mining and Logging
10-212100,Coal mining,10-212000,Private,10,212100,10212100,6,CES1021210001,CEU1021210001,CES1021210003,CEU1021210003,CES1021210002,CEU1021210002,CES1021210011,CEU1021210011,5,Mining and Logging
10-212114,Surface coal mining,10-212100,Private,10,212114,10212114,7,CES1021211401,CEU1021211401,CES1021211403,CEU1021211403,CES1021211402,CEU1021211402,CES1021211411,CEU1021211411,6,Mining and Logging
10-212115,Underground coal mining,10-212100,Private,10,212115,10212115,7,CES1021211501,CEU1021211501,CES1021211503,CEU1021211503,CES1021211502,CEU1021211502,CES1021211511,CEU1021211511,6,Mining and Logging
10-212200,Metal ore mining,10-212000,Private,10,212200,10212200,6,CES1021220001,CEU1021220001,CES1021220003,CEU1021220003,CES1021220002,CEU1021220002,CES1021220011,CEU1021220011,5,Mining and Logging
10-212220,Gold ore and silver ore mining,10-212200,Private,10,212220,10212220,7,CES1021222001,CEU1021222001,CES1021222003,CEU1021222003,CES1021222002,CEU1021222002,CES1021222011,CEU1021222011,6,Mining and Logging
10-212290,Iron ore - copper - nickel - lead - zinc - and other metal ore mining,10-212200,Private,10,212290,10212290,7,CES1021229001,CEU1021229001,CES1021229003,CEU1021229003,CES1021229002,CEU1021229002,CES1021229011,CEU1021229011,6,Mining and Logging
10-212300,Nonmetallic mineral mining and quarrying,10-212000,Private,10,212300,10212300,6,CES1021230001,CEU1021230001,CES1021230003,CEU1021230003,CES1021230002,CEU1021230002,CES1021230011,CEU1021230011,5,Mining and Logging
10-212310,Stone mining and quarrying,10-212300,Private,10,212310,10212310,7,CES1021231001,CEU1021231001,CES1021231003,CEU1021231003,CES1021231002,CEU1021231002,CES1021231011,CEU1021231011,6,Mining and Logging
10-212312,Crushed and broken limestone mining and quarrying,10-212310,Private,10,212312,10212312,8,CES1021231201,CEU1021231201,CES1021231203,CEU1021231203,CES1021231202,CEU1021231202,CES1021231211,CEU1021231211,7,Mining and Logging
10-212319,Dimension stone - crushed and broken granite - and other crushed and broken stone mining and quarrying,10-212310,Private,10,212319,10212319,8,CES1021231901,CEU1021231901,CES1021231903,CEU1021231903,CES1021231902,CEU1021231902,CES1021231911,CEU1021231911,7,Mining and Logging
10-212320,Sand - gravel - clay - and ceramic and refractory minerals mining and quarrying,10-212300,Private,10,212320,10212320,7,CES1021232001,CEU1021232001,CES1021232003,CEU1021232003,CES1021232002,CEU1021232002,CES1021232011,CEU1021232011,6,Mining and Logging
10-212321,Construction sand and gravel mining,10-212320,Private,10,212321,10212321,8,CES1021232101,CEU1021232101,CES1021232103,CEU1021232103,CES1021232102,CEU1021232102,CES1021232111,CEU1021232111,7,Mining and Logging
10-212390,Other nonmetallic mineral mining and quarrying,10-212300,Private,10,212390,10212390,7,CES1021239001,CEU1021239001,CES1021239003,CEU1021239003,CES1021239002,CEU1021239002,CES1021239011,CEU1021239011,6,Mining and Logging
10-213000,Support activities for mining,10-210000,Private,10,213000,10213000,5,CES1021300001,CEU1021300001,CES1021300003,CEU1021300003,CES1021300002,CEU1021300002,CES1021300011,CEU1021300011,4,Mining and Logging
10-213111,Drilling oil and gas wells,10-213000,Private,10,213111,10213111,6,CES1021311101,CEU1021311101,CES1021311103,CEU1021311103,CES1021311102,CEU1021311102,CES1021311111,CEU1021311111,5,Mining and Logging
10-213112,Support activities for oil and gas operations,10-213000,Private,10,213112,10213112,6,CES1021311201,CEU1021311201,CES1021311203,CEU1021311203,CES1021311202,CEU1021311202,CES1021311211,CEU1021311211,5,Mining and Logging
10-213115,Support activities for coal - metal - and nonmetallic minerals mining,10-213000,Private,10,213115,10213115,6,CES1021311501,CEU1021311501,CES1021311503,CEU1021311503,CES1021311502,CEU1021311502,CES1021311511,CEU1021311511,5,Mining and Logging
20-000000,Construction,06-000000,Private,20,000000,20000000,3,CES2000000001,CEU2000000001,CES2000000003,CEU2000000003,CES2000000002,CEU2000000002,CES2000000011,CEU2000000011,2,Construction
20-236000,Construction of buildings,20-000000,Private,20,236000,20236000,4,CES2023600001,CEU2023600001,CES2023600003,CEU2023600003,CES2023600002,CEU2023600002,CES2023600011,CEU2023600011,3,Construction
20-236100,Residential building construction,20-236000,Private,20,236100,20236100,5,CES2023610001,CEU2023610001,CES2023610003,CEU2023610003,CES2023610002,CEU2023610002,CES2023610011,CEU2023610011,4,Construction
20-236115,New single-family housing construction (except for-sale builders),20-236100,Private,20,236115,20236115,6,CES2023611501,CEU2023611501,CES2023611503,CEU2023611503,CES2023611502,CEU2023611502,CES2023611511,CEU2023611511,5,Construction
20-236116,New multifamily housing construction (except for-sale builders),20-236100,Private,20,236116,20236116,6,CES2023611601,CEU2023611601,CES2023611603,CEU2023611603,CES2023611602,CEU2023611602,CES2023611611,CEU2023611611,5,Construction
20-236117,New housing for-sale builders,20-236100,Private,20,236117,20236117,6,CES2023611701,CEU2023611701,CES2023611703,CEU2023611703,CES2023611702,CEU2023611702,CES2023611711,CEU2023611711,5,Construction
20-236118,Residential remodelers,20-236100,Private,20,236118,20236118,6,CES2023611801,CEU2023611801,CES2023611803,CEU2023611803,CES2023611802,CEU2023611802,CES2023611811,CEU2023611811,5,Construction
20-236200,Nonresidential building construction,20-236000,Private,20,236200,20236200,5,CES2023620001,CEU2023620001,CES2023620003,CEU2023620003,CES2023620002,CEU2023620002,CES2023620011,CEU2023620011,4,Construction
20-236210,Industrial building construction,20-236200,Private,20,236210,20236210,6,CES2023621001,CEU2023621001,CES2023621003,CEU2023621003,CES2023621002,CEU2023621002,CES2023621011,CEU2023621011,5,Construction
20-236220,Commercial and institutional building construction,20-236200,Private,20,236220,20236220,6,CES2023622001,CEU2023622001,CES2023622003,CEU2023622003,CES2023622002,CEU2023622002,CES2023622011,CEU2023622011,5,Construction
20-237000,Heavy and civil engineering construction,20-000000,Private,20,237000,20237000,4,CES2023700001,CEU2023700001,CES2023700003,CEU2023700003,CES2023700002,CEU2023700002,CES2023700011,CEU2023700011,3,Construction
20-237100,Utility system construction,20-237000,Private,20,237100,20237100,5,CES2023710001,CEU2023710001,CES2023710003,CEU2023710003,CES2023710002,CEU2023710002,CES2023710011,CEU2023710011,4,Construction
20-237110,Water and sewer line and related structures construction,20-237100,Private,20,237110,20237110,6,CES2023711001,CEU2023711001,CES2023711003,CEU2023711003,CES2023711002,CEU2023711002,CES2023711011,CEU2023711011,5,Construction
20-237120,Oil and gas pipeline and related structures construction,20-237100,Private,20,237120,20237120,6,CES2023712001,CEU2023712001,CES2023712003,CEU2023712003,CES2023712002,CEU2023712002,CES2023712011,CEU2023712011,5,Construction
20-237130,Power and communication line and related structures construction,20-237100,Private,20,237130,20237130,6,CES2023713001,CEU2023713001,CES2023713003,CEU2023713003,CES2023713002,CEU2023713002,CES2023713011,CEU2023713011,5,Construction
20-237200,Land subdivision,20-237000,Private,20,237200,20237200,5,CES2023720001,CEU2023720001,CES2023720003,CEU2023720003,CES2023720002,CEU2023720002,CES2023720011,CEU2023720011,4,Construction
20-237300,Highway - street - and bridge construction,20-237000,Private,20,237300,20237300,5,CES2023730001,CEU2023730001,CES2023730003,CEU2023730003,CES2023730002,CEU2023730002,CES2023730011,CEU2023730011,4,Construction
20-237900,Other heavy and civil engineering construction,20-237000,Private,20,237900,20237900,5,CES2023790001,CEU2023790001,CES2023790003,CEU2023790003,CES2023790002,CEU2023790002,CES2023790011,CEU2023790011,4,Construction
20-238000,Specialty trade contractors,20-000000,Private,20,238000,20238000,4,CES2023800001,CEU2023800001,CES2023800003,CEU2023800003,CES2023800002,CEU2023800002,CES2023800011,CEU2023800011,3,Construction
20-238001,Residential specialty trade contractors,20-238000,Private,20,238001,20238001,5,CES2023800101,CEU2023800101,CES2023800103,CEU2023800103,CES2023800102,CEU2023800102,CES2023800111,CEU2023800111,4,Construction
20-238002,Nonresidential specialty trade contractors,20-238000,Private,20,238002,20238002,5,CES2023800201,CEU2023800201,CES2023800203,CEU2023800203,CES2023800202,CEU2023800202,CES2023800211,CEU2023800211,4,Construction
20-238100,Foundation - structure - and building exterior contractors,20-238000,Private,20,238100,20238100,5,CES2023810001,CEU2023810001,CES2023810003,CEU2023810003,CES2023810002,CEU2023810002,CES2023810011,CEU2023810011,4,Construction
20-238110,Poured concrete foundation and structure contractors,20-238100,Private,20,238110,20238110,6,CES2023811001,CEU2023811001,CES2023811003,CEU2023811003,CES2023811002,CEU2023811002,CES2023811011,CEU2023811011,5,Construction
20-238120,Structural steel and precast concrete contractors,20-238100,Private,20,238120,20238120,6,CES2023812001,CEU2023812001,CES2023812003,CEU2023812003,CES2023812002,CEU2023812002,CES2023812011,CEU2023812011,5,Construction
20-238130,Framing contractors,20-238100,Private,20,238130,20238130,6,CES2023813001,CEU2023813001,CES2023813003,CEU2023813003,CES2023813002,CEU2023813002,CES2023813011,CEU2023813011,5,Construction
20-238140,Masonry contractors,20-238100,Private,20,238140,20238140,6,CES2023814001,CEU2023814001,CES2023814003,CEU2023814003,CES2023814002,CEU2023814002,CES2023814011,CEU2023814011,5,Construction
20-238150,Glass and glazing contractors,20-238100,Private,20,238150,20238150,6,CES2023815001,CEU2023815001,CES2023815003,CEU2023815003,CES2023815002,CEU2023815002,CES2023815011,CEU2023815011,5,Construction
20-238160,Roofing contractors,20-238100,Private,20,238160,20238160,6,CES2023816001,CEU2023816001,CES2023816003,CEU2023816003,CES2023816002,CEU2023816002,CES2023816011,CEU2023816011,5,Construction
20-238170,Siding contractors,20-238100,Private,20,238170,20238170,6,CES2023817001,CEU2023817001,CES2023817003,CEU2023817003,CES2023817002,CEU2023817002,CES2023817011,CEU2023817011,5,Construction
20-238190,Other foundation - structure - and building exterior contractors,20-238100,Private,20,238190,20238190,6,CES2023819001,CEU2023819001,CES2023819003,CEU2023819003,CES2023819002,CEU2023819002,CES2023819011,CEU2023819011,5,Construction
20-238200,Building equipment contractors,20-238000,Private,20,238200,20238200,5,CES2023820001,CEU2023820001,CES2023820003,CEU2023820003,CES2023820002,CEU2023820002,CES2023820011,CEU2023820011,4,Construction
20-238210,Electrical contractors and other wiring installation contractors,20-238200,Private,20,238210,20238210,6,CES2023821001,CEU2023821001,CES2023821003,CEU2023821003,CES2023821002,CEU2023821002,CES2023821011,CEU2023821011,5,Construction
20-238220,Plumbing - heating - and air-conditioning contractors,20-238200,Private,20,238220,20238220,6,CES2023822001,CEU2023822001,CES2023822003,CEU2023822003,CES2023822002,CEU2023822002,CES2023822011,CEU2023822011,5,Construction
20-238290,Other building equipment contractors,20-238200,Private,20,238290,20238290,6,CES2023829001,CEU2023829001,CES2023829003,CEU2023829003,CES2023829002,CEU2023829002,CES2023829011,CEU2023829011,5,Construction
20-238300,Building finishing contractors,20-238000,Private,20,238300,20238300,5,CES2023830001,CEU2023830001,CES2023830003,CEU2023830003,CES2023830002,CEU2023830002,CES2023830011,CEU2023830011,4,Construction
20-238310,Drywall and insulation contractors,20-238300,Private,20,238310,20238310,6,CES2023831001,CEU2023831001,CES2023831003,CEU2023831003,CES2023831002,CEU2023831002,CES2023831011,CEU2023831011,5,Construction
20-238320,Painting and wall covering contractors,20-238300,Private,20,238320,20238320,6,CES2023832001,CEU2023832001,CES2023832003,CEU2023832003,CES2023832002,CEU2023832002,CES2023832011,CEU2023832011,5,Construction
20-238330,Flooring contractors,20-238300,Private,20,238330,20238330,6,CES2023833001,CEU2023833001,CES2023833003,CEU2023833003,CES2023833002,CEU2023833002,CES2023833011,CEU2023833011,5,Construction
20-238340,Tile and terrazzo contractors,20-238300,Private,20,238340,20238340,6,CES2023834001,CEU2023834001,CES2023834003,CEU2023834003,CES2023834002,CEU2023834002,CES2023834011,CEU2023834011,5,Construction
20-238350,Finish carpentry contractors,20-238300,Private,20,238350,20238350,6,CES2023835001,CEU2023835001,CES2023835003,CEU2023835003,CES2023835002,CEU2023835002,CES2023835011,CEU2023835011,5,Construction
20-238390,Other building finishing contractors,20-238300,Private,20,238390,20238390,6,CES2023839001,CEU2023839001,CES2023839003,CEU2023839003,CES2023839002,CEU2023839002,CES2023839011,CEU2023839011,5,Construction
20-238900,Other specialty trade contractors,20-238000,Private,20,238900,20238900,5,CES2023890001,CEU2023890001,CES2023890003,CEU2023890003,CES2023890002,CEU2023890002,CES2023890011,CEU2023890011,4,Construction
20-238910,Site preparation contractors,20-238900,Private,20,238910,20238910,6,CES2023891001,CEU2023891001,CES2023891003,CEU2023891003,CES2023891002,CEU2023891002,CES2023891011,CEU2023891011,5,Construction
20-238990,All other specialty trade contractors,20-238900,Private,20,238990,20238990,6,CES2023899001,CEU2023899001,CES2023899003,CEU2023899003,CES2023899002,CEU2023899002,CES2023899011,CEU2023899011,5,Construction
30-000000,Manufacturing,06-000000,Private,30,000000,30000000,3,CES3000000001,CEU3000000001,CES3000000003,CEU3000000003,CES3000000002,CEU3000000002,CES3000000011,CEU3000000011,2,Manufacturing
31-000000,Durable goods,30-000000,Private,31,000000,31000000,4,CES3100000001,CEU3100000001,CES3100000003,CEU3100000003,CES3100000002,CEU3100000002,CES3100000011,CEU3100000011,2,Durable Goods
31-321000,Wood product manufacturing,31-000000,Private,31,321000,31321000,5,CES3132100001,CEU3132100001,CES3132100003,CEU3132100003,CES3132100002,CEU3132100002,CES3132100011,CEU3132100011,3,Durable Goods
31-321100,Sawmills and wood preservation,31-321000,Private,31,321100,31321100,6,CES3132110001,CEU3132110001,CES3132110003,CEU3132110003,CES3132110002,CEU3132110002,CES3132110011,CEU3132110011,4,Durable Goods
31-321200,Veneer - plywood - and engineered wood product manufacturing,31-321000,Private,31,321200,31321200,6,CES3132120001,CEU3132120001,CES3132120003,CEU3132120003,CES3132120002,CEU3132120002,CES3132120011,CEU3132120011,4,Durable Goods
31-321900,Other wood product manufacturing,31-321000,Private,31,321900,31321900,6,CES3132190001,CEU3132190001,CES3132190003,CEU3132190003,CES3132190002,CEU3132190002,CES3132190011,CEU3132190011,4,Durable Goods
31-321910,Millwork,31-321900,Private,31,321910,31321910,7,CES3132191001,CEU3132191001,CES3132191003,CEU3132191003,CES3132191002,CEU3132191002,CES3132191011,CEU3132191011,5,Durable Goods
31-327000,Nonmetallic mineral product manufacturing,31-000000,Private,31,327000,31327000,5,CES3132700001,CEU3132700001,CES3132700003,CEU3132700003,CES3132700002,CEU3132700002,CES3132700011,CEU3132700011,3,Durable Goods
31-327100,Clay product and refractory manufacturing,31-327000,Private,31,327100,31327100,6,CES3132710001,CEU3132710001,CES3132710003,CEU3132710003,CES3132710002,CEU3132710002,CES3132710011,CEU3132710011,4,Durable Goods
31-327200,Glass and glass product manufacturing,31-327000,Private,31,327200,31327200,6,CES3132720001,CEU3132720001,CES3132720003,CEU3132720003,CES3132720002,CEU3132720002,CES3132720011,CEU3132720011,4,Durable Goods
31-327300,Cement and concrete product manufacturing,31-327000,Private,31,327300,31327300,6,CES3132730001,CEU3132730001,CES3132730003,CEU3132730003,CES3132730002,CEU3132730002,CES3132730011,CEU3132730011,4,Durable Goods
31-327900,Lime - gypsum - and other nonmetallic mineral product manufacturing,31-327000,Private,31,327900,31327900,6,CES3132790001,CEU3132790001,CES3132790003,CEU3132790003,CES3132790002,CEU3132790002,CES3132790011,CEU3132790011,4,Durable Goods
31-331000,Primary metal manufacturing,31-000000,Private,31,331000,31331000,5,CES3133100001,CEU3133100001,CES3133100003,CEU3133100003,CES3133100002,CEU3133100002,CES3133100011,CEU3133100011,3,Durable Goods
31-331100,Iron and steel mills and ferroalloy manufacturing,31-331000,Private,31,331100,31331100,6,CES3133110001,CEU3133110001,CES3133110003,CEU3133110003,CES3133110002,CEU3133110002,CES3133110011,CEU3133110011,4,Durable Goods
31-331200,Steel product manufacturing from purchased steel,31-331000,Private,31,331200,31331200,6,CES3133120001,CEU3133120001,CES3133120003,CEU3133120003,CES3133120002,CEU3133120002,CES3133120011,CEU3133120011,4,Durable Goods
31-331400,Alumina - aluminum - and other nonferrous metal production and processing,31-331000,Private,31,331400,31331400,6,CES3133140001,CEU3133140001,CES3133140003,CEU3133140003,CES3133140002,CEU3133140002,CES3133140011,CEU3133140011,4,Durable Goods
31-331500,Foundries,31-331000,Private,31,331500,31331500,6,CES3133150001,CEU3133150001,CES3133150003,CEU3133150003,CES3133150002,CEU3133150002,CES3133150011,CEU3133150011,4,Durable Goods
31-332000,Fabricated metal product manufacturing,31-000000,Private,31,332000,31332000,5,CES3133200001,CEU3133200001,CES3133200003,CEU3133200003,CES3133200002,CEU3133200002,CES3133200011,CEU3133200011,3,Durable Goods
31-332100,Forging and stamping,31-332000,Private,31,332100,31332100,6,CES3133210001,CEU3133210001,CES3133210003,CEU3133210003,CES3133210002,CEU3133210002,CES3133210011,CEU3133210011,4,Durable Goods
31-332300,Architectural and structural metals manufacturing,31-332000,Private,31,332300,31332300,6,CES3133230001,CEU3133230001,CES3133230003,CEU3133230003,CES3133230002,CEU3133230002,CES3133230011,CEU3133230011,4,Durable Goods
31-332700,Machine shops; turned product; and screw - nut - and bolt manufacturing,31-332000,Private,31,332700,31332700,6,CES3133270001,CEU3133270001,CES3133270003,CEU3133270003,CES3133270002,CEU3133270002,CES3133270011,CEU3133270011,4,Durable Goods
31-332800,Coating - engraving - heat treating - and allied activities,31-332000,Private,31,332800,31332800,6,CES3133280001,CEU3133280001,CES3133280003,CEU3133280003,CES3133280002,CEU3133280002,CES3133280011,CEU3133280011,4,Durable Goods
31-332900,Cutlery - handtool - and other fabricated metal product manufacturing,31-332000,Private,31,332900,31332900,6,CES3133290001,CEU3133290001,CES3133290003,CEU3133290003,CES3133290002,CEU3133290002,CES3133290011,CEU3133290011,4,Durable Goods
31-333000,Machinery manufacturing,31-000000,Private,31,333000,31333000,5,CES3133300001,CEU3133300001,CES3133300003,CEU3133300003,CES3133300002,CEU3133300002,CES3133300011,CEU3133300011,3,Durable Goods
31-333100,Agriculture - construction - and mining machinery manufacturing,31-333000,Private,31,333100,31333100,6,CES3133310001,CEU3133310001,CES3133310003,CEU3133310003,CES3133310002,CEU3133310002,CES3133310011,CEU3133310011,4,Durable Goods
31-333200,Industrial machinery manufacturing,31-333000,Private,31,333200,31333200,6,CES3133320001,CEU3133320001,CES3133320003,CEU3133320003,CES3133320002,CEU3133320002,CES3133320011,CEU3133320011,4,Durable Goods
31-333300,Commercial and service industry machinery manufacturing,31-333000,Private,31,333300,31333300,6,CES3133330001,CEU3133330001,CES3133330003,CEU3133330003,CES3133330002,CEU3133330002,CES3133330011,CEU3133330011,4,Durable Goods
31-333400,Ventilation - heating - air-conditioning - and commercial refrigeration equipment manufacturing,31-333000,Private,31,333400,31333400,6,CES3133340001,CEU3133340001,CES3133340003,CEU3133340003,CES3133340002,CEU3133340002,CES3133340011,CEU3133340011,4,Durable Goods
31-333500,Metalworking machinery manufacturing,31-333000,Private,31,333500,31333500,6,CES3133350001,CEU3133350001,CES3133350003,CEU3133350003,CES3133350002,CEU3133350002,CES3133350011,CEU3133350011,4,Durable Goods
31-333600,Engine - turbine - and power transmission equipment manufacturing,31-333000,Private,31,333600,31333600,6,CES3133360001,CEU3133360001,CES3133360003,CEU3133360003,CES3133360002,CEU3133360002,CES3133360011,CEU3133360011,4,Durable Goods
31-333900,Other general purpose machinery manufacturing,31-333000,Private,31,333900,31333900,6,CES3133390001,CEU3133390001,CES3133390003,CEU3133390003,CES3133390002,CEU3133390002,CES3133390011,CEU3133390011,4,Durable Goods
31-334000,Computer and electronic product manufacturing,31-000000,Private,31,334000,31334000,5,CES3133400001,CEU3133400001,CES3133400003,CEU3133400003,CES3133400002,CEU3133400002,CES3133400011,CEU3133400011,3,Durable Goods
31-334100,Computer and peripheral equipment manufacturing,31-334000,Private,31,334100,31334100,6,CES3133410001,CEU3133410001,CES3133410003,CEU3133410003,CES3133410002,CEU3133410002,CES3133410011,CEU3133410011,4,Durable Goods
31-334200,Communications equipment manufacturing,31-334000,Private,31,334200,31334200,6,CES3133420001,CEU3133420001,CES3133420003,CEU3133420003,CES3133420002,CEU3133420002,CES3133420011,CEU3133420011,4,Durable Goods
31-334400,Semiconductor and other electronic component manufacturing,31-334000,Private,31,334400,31334400,6,CES3133440001,CEU3133440001,CES3133440003,CEU3133440003,CES3133440002,CEU3133440002,CES3133440011,CEU3133440011,4,Durable Goods
31-334500,Navigational - measuring - electromedical - and control instruments manufacturing,31-334000,Private,31,334500,31334500,6,CES3133450001,CEU3133450001,CES3133450003,CEU3133450003,CES3133450002,CEU3133450002,CES3133450011,CEU3133450011,4,Durable Goods
31-334600,Manufacturing and reproducing magnetic and optical media and audio and video equipment manufacturing,31-334000,Private,31,334600,31334600,6,CES3133460001,CEU3133460001,CES3133460003,CEU3133460003,CES3133460002,CEU3133460002,CES3133460011,CEU3133460011,4,Durable Goods
31-335000,Electrical equipment - appliance - and component manufacturing,31-000000,Private,31,335000,31335000,5,CES3133500001,CEU3133500001,CES3133500003,CEU3133500003,CES3133500002,CEU3133500002,CES3133500011,CEU3133500011,3,Durable Goods
31-335100,Electric lighting equipment manufacturing,31-335000,Private,31,335100,31335100,6,CES3133510001,CEU3133510001,CES3133510003,CEU3133510003,CES3133510002,CEU3133510002,CES3133510011,CEU3133510011,4,Durable Goods
31-335200,Household appliance manufacturing,31-335000,Private,31,335200,31335200,6,CES3133520001,CEU3133520001,CES3133520003,CEU3133520003,CES3133520002,CEU3133520002,CES3133520011,CEU3133520011,4,Durable Goods
31-335300,Electrical equipment manufacturing,31-335000,Private,31,335300,31335300,6,CES3133530001,CEU3133530001,CES3133530003,CEU3133530003,CES3133530002,CEU3133530002,CES3133530011,CEU3133530011,4,Durable Goods
31-335900,Other electrical equipment and component manufacturing,31-335000,Private,31,335900,31335900,6,CES3133590001,CEU3133590001,CES3133590003,CEU3133590003,CES3133590002,CEU3133590002,CES3133590011,CEU3133590011,4,Durable Goods
31-335910,Battery manufacturing,31-335900,Private,31,335910,31335910,7,CES3133591001,CEU3133591001,CES3133591003,CEU3133591003,CES3133591002,CEU3133591002,CES3133591011,CEU3133591011,5,Durable Goods
31-336000,Transportation equipment manufacturing,31-000000,Private,31,336000,31336000,5,CES3133600001,CEU3133600001,CES3133600003,CEU3133600003,CES3133600002,CEU3133600002,CES3133600011,CEU3133600011,3,Durable Goods
31-336001,Motor vehicles and parts,31-336000,Private,31,336001,31336001,6,CES3133600101,CEU3133600101,CES3133600103,CEU3133600103,CES3133600102,CEU3133600102,CES3133600111,CEU3133600111,4,Durable Goods
31-336100,Motor vehicle manufacturing,31-336000,Private,31,336100,31336100,6,CES3133610001,CEU3133610001,CES3133610003,CEU3133610003,CES3133610002,CEU3133610002,CES3133610011,CEU3133610011,4,Durable Goods
31-336200,Motor vehicle body and trailer manufacturing,31-336000,Private,31,336200,31336200,6,CES3133620001,CEU3133620001,CES3133620003,CEU3133620003,CES3133620002,CEU3133620002,CES3133620011,CEU3133620011,4,Durable Goods
31-336300,Motor vehicle parts manufacturing,31-336000,Private,31,336300,31336300,6,CES3133630001,CEU3133630001,CES3133630003,CEU3133630003,CES3133630002,CEU3133630002,CES3133630011,CEU3133630011,4,Durable Goods
31-336400,Aerospace product and parts manufacturing,31-336000,Private,31,336400,31336400,6,CES3133640001,CEU3133640001,CES3133640003,CEU3133640003,CES3133640002,CEU3133640002,CES3133640011,CEU3133640011,4,Durable Goods
31-336411,Aircraft manufacturing,31-336400,Private,31,336411,31336411,7,CES3133641101,CEU3133641101,CES3133641103,CEU3133641103,CES3133641102,CEU3133641102,CES3133641111,CEU3133641111,5,Durable Goods
31-336412,Aircraft engine and engine parts manufacturing,31-336400,Private,31,336412,31336412,7,CES3133641201,CEU3133641201,CES3133641203,CEU3133641203,CES3133641202,CEU3133641202,CES3133641211,CEU3133641211,5,Durable Goods
31-336413,Other aircraft parts and auxiliary equipment manufacturing,31-336400,Private,31,336413,31336413,7,CES3133641301,CEU3133641301,CES3133641303,CEU3133641303,CES3133641302,CEU3133641302,CES3133641311,CEU3133641311,5,Durable Goods
31-336600,Ship and boat building,31-336000,Private,31,336600,31336600,6,CES3133660001,CEU3133660001,CES3133660003,CEU3133660003,CES3133660002,CEU3133660002,CES3133660011,CEU3133660011,4,Durable Goods
31-336900,Railroad rolling stock and other transportation equipment manufacturing,31-336000,Private,31,336900,31336900,6,CES3133690001,CEU3133690001,CES3133690003,CEU3133690003,CES3133690002,CEU3133690002,CES3133690011,CEU3133690011,4,Durable Goods
31-337000,Furniture and related product manufacturing,31-000000,Private,31,337000,31337000,5,CES3133700001,CEU3133700001,CES3133700003,CEU3133700003,CES3133700002,CEU3133700002,CES3133700011,CEU3133700011,3,Durable Goods
31-337100,Household and institutional furniture and kitchen cabinet manufacturing,31-337000,Private,31,337100,31337100,6,CES3133710001,CEU3133710001,CES3133710003,CEU3133710003,CES3133710002,CEU3133710002,CES3133710011,CEU3133710011,4,Durable Goods
31-337200,Office furniture (including fixtures) and other furniture related product manufacturing,31-337000,Private,31,337200,31337200,6,CES3133720001,CEU3133720001,CES3133720003,CEU3133720003,CES3133720002,CEU3133720002,CES3133720011,CEU3133720011,4,Durable Goods
31-339000,Miscellaneous manufacturing,31-000000,Private,31,339000,31339000,5,CES3133900001,CEU3133900001,CES3133900003,CEU3133900003,CES3133900002,CEU3133900002,CES3133900011,CEU3133900011,3,Durable Goods
31-339100,Medical equipment and supplies manufacturing,31-339000,Private,31,339100,31339100,6,CES3133910001,CEU3133910001,CES3133910003,CEU3133910003,CES3133910002,CEU3133910002,CES3133910011,CEU3133910011,4,Durable Goods
31-339900,Other miscellaneous manufacturing,31-339000,Private,31,339900,31339900,6,CES3133990001,CEU3133990001,CES3133990003,CEU3133990003,CES3133990002,CEU3133990002,CES3133990011,CEU3133990011,4,Durable Goods
32-000000,Nondurable goods,30-000000,Private,32,000000,32000000,4,CES3200000001,CEU3200000001,CES3200000003,CEU3200000003,CES3200000002,CEU3200000002,CES3200000011,CEU3200000011,2,Nondurable Goods
32-311000,Food manufacturing,32-000000,Private,32,311000,32311000,5,CES3231100001,CEU3231100001,CES3231100003,CEU3231100003,CES3231100002,CEU3231100002,CES3231100011,CEU3231100011,3,Nondurable Goods
32-311100,Animal food manufacturing,32-311000,Private,32,311100,32311100,6,CES3231110001,CEU3231110001,CES3231110003,CEU3231110003,CES3231110002,CEU3231110002,CES3231110011,CEU3231110011,4,Nondurable Goods
32-311200,Grain and oilseed milling,32-311000,Private,32,311200,32311200,6,CES3231120001,CEU3231120001,CES3231120003,CEU3231120003,CES3231120002,CEU3231120002,CES3231120011,CEU3231120011,4,Nondurable Goods
32-311300,Sugar and confectionery product manufacturing,32-311000,Private,32,311300,32311300,6,CES3231130001,CEU3231130001,CES3231130003,CEU3231130003,CES3231130002,CEU3231130002,CES3231130011,CEU3231130011,4,Nondurable Goods
32-311400,Fruit and vegetable preserving and specialty food manufacturing,32-311000,Private,32,311400,32311400,6,CES3231140001,CEU3231140001,CES3231140003,CEU3231140003,CES3231140002,CEU3231140002,CES3231140011,CEU3231140011,4,Nondurable Goods
32-311500,Dairy product manufacturing,32-311000,Private,32,311500,32311500,6,CES3231150001,CEU3231150001,CES3231150003,CEU3231150003,CES3231150002,CEU3231150002,CES3231150011,CEU3231150011,4,Nondurable Goods
32-311600,Animal slaughtering and processing,32-311000,Private,32,311600,32311600,6,CES3231160001,CEU3231160001,CES3231160003,CEU3231160003,CES3231160002,CEU3231160002,CES3231160011,CEU3231160011,4,Nondurable Goods
32-311700,Seafood product preparation and packaging,32-311000,Private,32,311700,32311700,6,CES3231170001,CEU3231170001,CES3231170003,CEU3231170003,CES3231170002,CEU3231170002,CES3231170011,CEU3231170011,4,Nondurable Goods
32-311800,Bakeries and tortilla manufacturing,32-311000,Private,32,311800,32311800,6,CES3231180001,CEU3231180001,CES3231180003,CEU3231180003,CES3231180002,CEU3231180002,CES3231180011,CEU3231180011,4,Nondurable Goods
32-311900,Other food manufacturing,32-311000,Private,32,311900,32311900,6,CES3231190001,CEU3231190001,CES3231190003,CEU3231190003,CES3231190002,CEU3231190002,CES3231190011,CEU3231190011,4,Nondurable Goods
32-313000,Textile mills,32-000000,Private,32,313000,32313000,5,CES3231300001,CEU3231300001,CES3231300003,CEU3231300003,CES3231300002,CEU3231300002,CES3231300011,CEU3231300011,3,Nondurable Goods
32-314000,Textile product mills,32-000000,Private,32,314000,32314000,5,CES3231400001,CEU3231400001,CES3231400003,CEU3231400003,CES3231400002,CEU3231400002,CES3231400011,CEU3231400011,3,Nondurable Goods
32-315000,Apparel manufacturing,32-000000,Private,32,315000,32315000,5,CES3231500001,CEU3231500001,CES3231500003,CEU3231500003,CES3231500002,CEU3231500002,CES3231500011,CEU3231500011,3,Nondurable Goods
32-322000,Paper manufacturing,32-000000,Private,32,322000,32322000,5,CES3232200001,CEU3232200001,CES3232200003,CEU3232200003,CES3232200002,CEU3232200002,CES3232200011,CEU3232200011,3,Nondurable Goods
32-322100,Pulp - paper - and paperboard mills,32-322000,Private,32,322100,32322100,6,CES3232210001,CEU3232210001,CES3232210003,CEU3232210003,CES3232210002,CEU3232210002,CES3232210011,CEU3232210011,4,Nondurable Goods
32-322200,Converted paper product manufacturing,32-322000,Private,32,322200,32322200,6,CES3232220001,CEU3232220001,CES3232220003,CEU3232220003,CES3232220002,CEU3232220002,CES3232220011,CEU3232220011,4,Nondurable Goods
32-323000,Printing and related support activities,32-000000,Private,32,323000,32323000,5,CES3232300001,CEU3232300001,CES3232300003,CEU3232300003,CES3232300002,CEU3232300002,CES3232300011,CEU3232300011,3,Nondurable Goods
32-324000,Petroleum and coal products manufacturing,32-000000,Private,32,324000,32324000,5,CES3232400001,CEU3232400001,CES3232400003,CEU3232400003,CES3232400002,CEU3232400002,CES3232400011,CEU3232400011,3,Nondurable Goods
32-325000,Chemical manufacturing,32-000000,Private,32,325000,32325000,5,CES3232500001,CEU3232500001,CES3232500003,CEU3232500003,CES3232500002,CEU3232500002,CES3232500011,CEU3232500011,3,Nondurable Goods
32-325100,Basic chemical manufacturing,32-325000,Private,32,325100,32325100,6,CES3232510001,CEU3232510001,CES3232510003,CEU3232510003,CES3232510002,CEU3232510002,CES3232510011,CEU3232510011,4,Nondurable Goods
32-325200,Resin - synthetic rubber - and artificial and synthetic fibers and filaments manufacturing,32-325000,Private,32,325200,32325200,6,CES3232520001,CEU3232520001,CES3232520003,CEU3232520003,CES3232520002,CEU3232520002,CES3232520011,CEU3232520011,4,Nondurable Goods
32-325300,Pesticide - fertilizer - and other agricultural chemical manufacturing,32-325000,Private,32,325300,32325300,6,CES3232530001,CEU3232530001,CES3232530003,CEU3232530003,CES3232530002,CEU3232530002,CES3232530011,CEU3232530011,4,Nondurable Goods
32-325400,Pharmaceutical and medicine manufacturing,32-325000,Private,32,325400,32325400,6,CES3232540001,CEU3232540001,CES3232540003,CEU3232540003,CES3232540002,CEU3232540002,CES3232540011,CEU3232540011,4,Nondurable Goods
32-325500,Paint - coating - and adhesive manufacturing,32-325000,Private,32,325500,32325500,6,CES3232550001,CEU3232550001,CES3232550003,CEU3232550003,CES3232550002,CEU3232550002,CES3232550011,CEU3232550011,4,Nondurable Goods
32-325600,Soap - cleaning compound - and toilet preparation manufacturing,32-325000,Private,32,325600,32325600,6,CES3232560001,CEU3232560001,CES3232560003,CEU3232560003,CES3232560002,CEU3232560002,CES3232560011,CEU3232560011,4,Nondurable Goods
32-325900,Other chemical product and preparation manufacturing,32-325000,Private,32,325900,32325900,6,CES3232590001,CEU3232590001,CES3232590003,CEU3232590003,CES3232590002,CEU3232590002,CES3232590011,CEU3232590011,4,Nondurable Goods
32-326000,Plastics and rubber products manufacturing,32-000000,Private,32,326000,32326000,5,CES3232600001,CEU3232600001,CES3232600003,CEU3232600003,CES3232600002,CEU3232600002,CES3232600011,CEU3232600011,3,Nondurable Goods
32-326100,Plastics product manufacturing,32-326000,Private,32,326100,32326100,6,CES3232610001,CEU3232610001,CES3232610003,CEU3232610003,CES3232610002,CEU3232610002,CES3232610011,CEU3232610011,4,Nondurable Goods
32-326200,Rubber product manufacturing,32-326000,Private,32,326200,32326200,6,CES3232620001,CEU3232620001,CES3232620003,CEU3232620003,CES3232620002,CEU3232620002,CES3232620011,CEU3232620011,4,Nondurable Goods
32-329000,Beverage - tobacco - and leather and allied product manufacturing,32-000000,Private,32,329000,32329000,5,CES3232900001,CEU3232900001,CES3232900003,CEU3232900003,CES3232900002,CEU3232900002,CES3232900011,CEU3232900011,3,Nondurable Goods
32-329100,Beverage manufacturing,32-329000,Private,32,329100,32329100,6,CES3232910001,CEU3232910001,CES3232910003,CEU3232910003,CES3232910002,CEU3232910002,CES3232910011,CEU3232910011,4,Nondurable Goods
32-329900,Other miscellaneous nondurable goods manufacturing,32-329000,Private,32,329900,32329900,6,CES3232990001,CEU3232990001,CES3232990003,CEU3232990003,CES3232990002,CEU3232990002,CES3232990011,CEU3232990011,4,Nondurable Goods
40-000000,Trade - transportation - and utilities,08-000000,Private,40,000000,40000000,3,CES4000000001,CEU4000000001,CES4000000003,CEU4000000003,CES4000000002,CEU4000000002,CES4000000011,CEU4000000011,2,"Trade, Transportation, and Utilities"
41-420000,Wholesale trade,40-000000,Private,41,420000,41420000,4,CES4142000001,CEU4142000001,CES4142000003,CEU4142000003,CES4142000002,CEU4142000002,CES4142000011,CEU4142000011,2,Wholesale Trade
41-423000,Merchant wholesalers - durable goods,41-420000,Private,41,423000,41423000,5,CES4142300001,CEU4142300001,CES4142300003,CEU4142300003,CES4142300002,CEU4142300002,CES4142300011,CEU4142300011,3,Wholesale Trade
41-424000,Merchant wholesalers - nondurable goods,41-420000,Private,41,424000,41424000,5,CES4142400001,CEU4142400001,CES4142400003,CEU4142400003,CES4142400002,CEU4142400002,CES4142400011,CEU4142400011,3,Wholesale Trade
41-425000,Wholesale trade agents and brokers,41-420000,Private,41,425000,41425000,5,CES4142500001,CEU4142500001,CES4142500003,CEU4142500003,CES4142500002,CEU4142500002,CES4142500011,CEU4142500011,3,Wholesale Trade
42-000000,Retail trade,40-000000,Private,42,000000,42000000,4,CES4200000001,CEU4200000001,CES4200000003,CEU4200000003,CES4200000002,CEU4200000002,CES4200000011,CEU4200000011,2,Retail Trade
42-441000,Motor vehicle and parts dealers,42-000000,Private,42,441000,42441000,5,CES4244100001,CEU4244100001,CES4244100003,CEU4244100003,CES4244100002,CEU4244100002,CES4244100011,CEU4244100011,3,Retail Trade
42-441100,Automobile dealers,42-441000,Private,42,441100,42441100,6,CES4244110001,CEU4244110001,CES4244110003,CEU4244110003,CES4244110002,CEU4244110002,CES4244110011,CEU4244110011,4,Retail Trade
42-441110,New car dealers,42-441100,Private,42,441110,42441110,7,CES4244111001,CEU4244111001,CES4244111003,CEU4244111003,CES4244111002,CEU4244111002,CES4244111011,CEU4244111011,5,Retail Trade
42-441120,Used car dealers,42-441100,Private,42,441120,42441120,7,CES4244112001,CEU4244112001,CES4244112003,CEU4244112003,CES4244112002,CEU4244112002,CES4244112011,CEU4244112011,5,Retail Trade
42-441200,Other motor vehicle dealers,42-441000,Private,42,441200,42441200,6,CES4244120001,CEU4244120001,CES4244120003,CEU4244120003,CES4244120002,CEU4244120002,CES4244120011,CEU4244120011,4,Retail Trade
42-441300,Automotive parts - accessories - and tire retailers,42-441000,Private,42,441300,42441300,6,CES4244130001,CEU4244130001,CES4244130003,CEU4244130003,CES4244130002,CEU4244130002,CES4244130011,CEU4244130011,4,Retail Trade
42-444000,Building material and garden equipment and supplies dealers,42-000000,Private,42,444000,42444000,5,CES4244400001,CEU4244400001,CES4244400003,CEU4244400003,CES4244400002,CEU4244400002,CES4244400011,CEU4244400011,3,Retail Trade
42-444100,Building material and supplies dealers,42-444000,Private,42,444100,42444100,6,CES4244410001,CEU4244410001,CES4244410003,CEU4244410003,CES4244410002,CEU4244410002,CES4244410011,CEU4244410011,4,Retail Trade
42-444200,Lawn and garden equipment and supplies retailers,42-444000,Private,42,444200,42444200,6,CES4244420001,CEU4244420001,CES4244420003,CEU4244420003,CES4244420002,CEU4244420002,CES4244420011,CEU4244420011,4,Retail Trade
42-445000,Food and beverage retailers,42-000000,Private,42,445000,42445000,5,CES4244500001,CEU4244500001,CES4244500003,CEU4244500003,CES4244500002,CEU4244500002,CES4244500011,CEU4244500011,3,Retail Trade
42-445100,Grocery and convenience retailers,42-445000,Private,42,445100,42445100,6,CES4244510001,CEU4244510001,CES4244510003,CEU4244510003,CES4244510002,CEU4244510002,CES4244510011,CEU4244510011,4,Retail Trade
42-445110,Supermarkets and other grocery retailers (except convenience retailers),42-445100,Private,42,445110,42445110,7,CES4244511001,CEU4244511001,CES4244511003,CEU4244511003,CES4244511002,CEU4244511002,CES4244511011,CEU4244511011,5,Retail Trade
42-445200,Specialty food retailers,42-445000,Private,42,445200,42445200,6,CES4244520001,CEU4244520001,CES4244520003,CEU4244520003,CES4244520002,CEU4244520002,CES4244520011,CEU4244520011,4,Retail Trade
42-445300,Beer - wine - and liquor retailers,42-445000,Private,42,445300,42445300,6,CES4244530001,CEU4244530001,CES4244530003,CEU4244530003,CES4244530002,CEU4244530002,CES4244530011,CEU4244530011,4,Retail Trade
42-449000,Furniture - home furnishings - electronics - and appliance retailers,42-000000,Private,42,449000,42449000,5,CES4244900001,CEU4244900001,CES4244900003,CEU4244900003,CES4244900002,CEU4244900002,CES4244900011,CEU4244900011,3,Retail Trade
42-449100,Furniture and home furnishings retailers,42-449000,Private,42,449100,42449100,6,CES4244910001,CEU4244910001,CES4244910003,CEU4244910003,CES4244910002,CEU4244910002,CES4244910011,CEU4244910011,4,Retail Trade
42-449200,Electronics and appliance retailers,42-449000,Private,42,449200,42449200,6,CES4244920001,CEU4244920001,CES4244920003,CEU4244920003,CES4244920002,CEU4244920002,CES4244920011,CEU4244920011,4,Retail Trade
42-455000,General merchandise retailers,42-000000,Private,42,455000,42455000,5,CES4245500001,CEU4245500001,CES4245500003,CEU4245500003,CES4245500002,CEU4245500002,CES4245500011,CEU4245500011,3,Retail Trade
42-455100,Department stores,42-455000,Private,42,455100,42455100,6,CES4245510001,CEU4245510001,CES4245510003,CEU4245510003,CES4245510002,CEU4245510002,CES4245510011,CEU4245510011,4,Retail Trade
42-455200,Warehouse clubs - supercenters - and other general merchandise retailers,42-455000,Private,42,455200,42455200,6,CES4245520001,CEU4245520001,CES4245520003,CEU4245520003,CES4245520002,CEU4245520002,CES4245520011,CEU4245520011,4,Retail Trade
42-456000,Health and personal care retailers,42-000000,Private,42,456000,42456000,5,CES4245600001,CEU4245600001,CES4245600003,CEU4245600003,CES4245600002,CEU4245600002,CES4245600011,CEU4245600011,3,Retail Trade
42-457000,Gasoline stations and fuel dealers,42-000000,Private,42,457000,42457000,5,CES4245700001,CEU4245700001,CES4245700003,CEU4245700003,CES4245700002,CEU4245700002,CES4245700011,CEU4245700011,3,Retail Trade
42-458000,Clothing - clothing accessories - shoe - and jewelry retailers,42-000000,Private,42,458000,42458000,5,CES4245800001,CEU4245800001,CES4245800003,CEU4245800003,CES4245800002,CEU4245800002,CES4245800011,CEU4245800011,3,Retail Trade
42-458100,Clothing and clothing accessories retailers,42-458000,Private,42,458100,42458100,6,CES4245810001,CEU4245810001,CES4245810003,CEU4245810003,CES4245810002,CEU4245810002,CES4245810011,CEU4245810011,4,Retail Trade
42-459000,Sporting goods - hobby - musical instrument - book - and miscellaneous retailers,42-000000,Private,42,459000,42459000,5,CES4245900001,CEU4245900001,CES4245900003,CEU4245900003,CES4245900002,CEU4245900002,CES4245900011,CEU4245900011,3,Retail Trade
42-459100,Sporting goods - hobby - and musical instrument retailers,42-459000,Private,42,459100,42459100,6,CES4245910001,CEU4245910001,CES4245910003,CEU4245910003,CES4245910002,CEU4245910002,CES4245910011,CEU4245910011,4,Retail Trade
42-459400,Office supplies - stationery - and gift retailers,42-459000,Private,42,459400,42459400,6,CES4245940001,CEU4245940001,CES4245940003,CEU4245940003,CES4245940002,CEU4245940002,CES4245940011,CEU4245940011,4,Retail Trade
42-459500,Used merchandise retailers,42-459000,Private,42,459500,42459500,6,CES4245950001,CEU4245950001,CES4245950003,CEU4245950003,CES4245950002,CEU4245950002,CES4245950011,CEU4245950011,4,Retail Trade
42-459900,Other miscellaneous retailers,42-459000,Private,42,459900,42459900,6,CES4245990001,CEU4245990001,CES4245990003,CEU4245990003,CES4245990002,CEU4245990002,CES4245990011,CEU4245990011,4,Retail Trade
43-000000,Transportation and warehousing,40-000000,Private,43,000000,43000000,4,CES4300000001,CEU4300000001,CES4300000003,CEU4300000003,CES4300000002,CEU4300000002,CES4300000011,CEU4300000011,2,Transportation and Warehousing
43-481000,Air transportation,43-000000,Private,43,481000,43481000,5,CES4348100001,CEU4348100001,CES4348100003,CEU4348100003,CES4348100002,CEU4348100002,CES4348100011,CEU4348100011,3,Transportation and Warehousing
43-481100,Scheduled air transportation,43-481000,Private,43,481100,43481100,6,CES4348110001,CEU4348110001,CES4348110003,CEU4348110003,CES4348110002,CEU4348110002,CES4348110011,CEU4348110011,4,Transportation and Warehousing
43-481200,Nonscheduled air transportation,43-481000,Private,43,481200,43481200,6,CES4348120001,CEU4348120001,CES4348120003,CEU4348120003,CES4348120002,CEU4348120002,CES4348120011,CEU4348120011,4,Transportation and Warehousing
43-482000,Rail transportation,43-000000,Private,43,482000,43482000,5,CES4348200001,CEU4348200001,CES4348200003,CEU4348200003,CES4348200002,CEU4348200002,CES4348200011,CEU4348200011,3,Transportation and Warehousing
43-483000,Water transportation,43-000000,Private,43,483000,43483000,5,CES4348300001,CEU4348300001,CES4348300003,CEU4348300003,CES4348300002,CEU4348300002,CES4348300011,CEU4348300011,3,Transportation and Warehousing
43-484000,Truck transportation,43-000000,Private,43,484000,43484000,5,CES4348400001,CEU4348400001,CES4348400003,CEU4348400003,CES4348400002,CEU4348400002,CES4348400011,CEU4348400011,3,Transportation and Warehousing
43-484100,General freight trucking,43-484000,Private,43,484100,43484100,6,CES4348410001,CEU4348410001,CES4348410003,CEU4348410003,CES4348410002,CEU4348410002,CES4348410011,CEU4348410011,4,Transportation and Warehousing
43-484110,General freight trucking - local,43-484100,Private,43,484110,43484110,7,CES4348411001,CEU4348411001,CES4348411003,CEU4348411003,CES4348411002,CEU4348411002,CES4348411011,CEU4348411011,5,Transportation and Warehousing
43-484120,General freight trucking - long-distance,43-484100,Private,43,484120,43484120,7,CES4348412001,CEU4348412001,CES4348412003,CEU4348412003,CES4348412002,CEU4348412002,CES4348412011,CEU4348412011,5,Transportation and Warehousing
43-484200,Specialized freight trucking,43-484000,Private,43,484200,43484200,6,CES4348420001,CEU4348420001,CES4348420003,CEU4348420003,CES4348420002,CEU4348420002,CES4348420011,CEU4348420011,4,Transportation and Warehousing
43-485000,Transit and ground passenger transportation,43-000000,Private,43,485000,43485000,5,CES4348500001,CEU4348500001,CES4348500003,CEU4348500003,CES4348500002,CEU4348500002,CES4348500011,CEU4348500011,3,Transportation and Warehousing
43-485400,School and employee bus transportation,43-485000,Private,43,485400,43485400,6,CES4348540001,CEU4348540001,CES4348540003,CEU4348540003,CES4348540002,CEU4348540002,CES4348540011,CEU4348540011,4,Transportation and Warehousing
43-486000,Pipeline transportation,43-000000,Private,43,486000,43486000,5,CES4348600001,CEU4348600001,CES4348600003,CEU4348600003,CES4348600002,CEU4348600002,CES4348600011,CEU4348600011,3,Transportation and Warehousing
43-487000,Scenic and sightseeing transportation,43-000000,Private,43,487000,43487000,5,CES4348700001,CEU4348700001,CES4348700003,CEU4348700003,CES4348700002,CEU4348700002,CES4348700011,CEU4348700011,3,Transportation and Warehousing
43-488000,Support activities for transportation,43-000000,Private,43,488000,43488000,5,CES4348800001,CEU4348800001,CES4348800003,CEU4348800003,CES4348800002,CEU4348800002,CES4348800011,CEU4348800011,3,Transportation and Warehousing
43-488100,Support activities for air transportation,43-488000,Private,43,488100,43488100,6,CES4348810001,CEU4348810001,CES4348810003,CEU4348810003,CES4348810002,CEU4348810002,CES4348810011,CEU4348810011,4,Transportation and Warehousing
43-488400,Support activities for road transportation,43-488000,Private,43,488400,43488400,6,CES4348840001,CEU4348840001,CES4348840003,CEU4348840003,CES4348840002,CEU4348840002,CES4348840011,CEU4348840011,4,Transportation and Warehousing
43-488500,Freight transportation arrangement,43-488000,Private,43,488500,43488500,6,CES4348850001,CEU4348850001,CES4348850003,CEU4348850003,CES4348850002,CEU4348850002,CES4348850011,CEU4348850011,4,Transportation and Warehousing
43-492000,Couriers and messengers,43-000000,Private,43,492000,43492000,5,CES4349200001,CEU4349200001,CES4349200003,CEU4349200003,CES4349200002,CEU4349200002,CES4349200011,CEU4349200011,3,Transportation and Warehousing
43-492100,Couriers and express delivery services,43-492000,Private,43,492100,43492100,6,CES4349210001,CEU4349210001,CES4349210003,CEU4349210003,CES4349210002,CEU4349210002,CES4349210011,CEU4349210011,4,Transportation and Warehousing
43-493000,Warehousing and storage,43-000000,Private,43,493000,43493000,5,CES4349300001,CEU4349300001,CES4349300003,CEU4349300003,CES4349300002,CEU4349300002,CES4349300011,CEU4349300011,3,Transportation and Warehousing
43-493110,General warehousing and storage,43-493000,Private,43,493110,43493110,6,CES4349311001,CEU4349311001,CES4349311003,CEU4349311003,CES4349311002,CEU4349311002,CES4349311011,CEU4349311011,4,Transportation and Warehousing
44-220000,Utilities,40-000000,Private,44,220000,44220000,4,CES4422000001,CEU4422000001,CES4422000003,CEU4422000003,CES4422000002,CEU4422000002,CES4422000011,CEU4422000011,2,Utilities
44-221100,Electric power generation - transmission and distribution,44-220000,Private,44,221100,44221100,5,CES4422110001,CEU4422110001,CES4422110003,CEU4422110003,CES4422110002,CEU4422110002,CES4422110011,CEU4422110011,3,Utilities
44-221110,Electric power generation,44-221100,Private,44,221110,44221110,6,CES4422111001,CEU4422111001,CES4422111003,CEU4422111003,CES4422111002,CEU4422111002,CES4422111011,CEU4422111011,4,Utilities
44-221120,Electric power transmission - control - and distribution,44-221100,Private,44,221120,44221120,6,CES4422112001,CEU4422112001,CES4422112003,CEU4422112003,CES4422112002,CEU4422112002,CES4422112011,CEU4422112011,4,Utilities
44-221200,Natural gas distribution,44-220000,Private,44,221200,44221200,5,CES4422120001,CEU4422120001,CES4422120003,CEU4422120003,CES4422120002,CEU4422120002,CES4422120011,CEU4422120011,3,Utilities
44-221300,Water - sewage - and other systems,44-220000,Private,44,221300,44221300,5,CES4422130001,CEU4422130001,CES4422130003,CEU4422130003,CES4422130002,CEU4422130002,CES4422130011,CEU4422130011,3,Utilities
50-000000,Information,08-000000,Private,50,000000,50000000,3,CES5000000001,CEU5000000001,CES5000000003,CEU5000000003,CES5000000002,CEU5000000002,CES5000000011,CEU5000000011,2,Information
50-512000,Motion picture and sound recording industries,50-000000,Private,50,512000,50512000,4,CES5051200001,CEU5051200001,CES5051200003,CEU5051200003,CES5051200002,CEU5051200002,CES5051200011,CEU5051200011,3,Information
50-512110,Motion picture and video production,50-512000,Private,50,512110,50512110,5,CES5051211001,CEU5051211001,CES5051211003,CEU5051211003,CES5051211002,CEU5051211002,CES5051211011,CEU5051211011,4,Information
50-513000,Publishing industries (except internet),50-000000,Private,50,513000,50513000,4,CES5051300001,CEU5051300001,CES5051300003,CEU5051300003,CES5051300002,CEU5051300002,CES5051300011,CEU5051300011,3,Information
50-513100,Newspaper - periodical - book - and directory publishers,50-513000,Private,50,513100,50513100,5,CES5051310001,CEU5051310001,CES5051310003,CEU5051310003,CES5051310002,CEU5051310002,CES5051310011,CEU5051310011,4,Information
50-513210,Software publishers,50-513000,Private,50,513210,50513210,5,CES5051321001,CEU5051321001,CES5051321003,CEU5051321003,CES5051321002,CEU5051321002,CES5051321011,CEU5051321011,4,Information
50-516000,Computing infrastructure providers - data processing - web hosting - and related services,50-000000,Private,50,516000,50516000,4,CES5051600001,CEU5051600001,CES5051600003,CEU5051600003,CES5051600002,CEU5051600002,CES5051600011,CEU5051600011,3,Information
50-517000,Telecommunications,50-000000,Private,50,517000,50517000,4,CES5051700001,CEU5051700001,CES5051700003,CEU5051700003,CES5051700002,CEU5051700002,CES5051700011,CEU5051700011,3,Information
50-517110,Wired telecommunications carriers,50-517000,Private,50,517110,50517110,5,CES5051711001,CEU5051711001,CES5051711003,CEU5051711003,CES5051711002,CEU5051711002,CES5051711011,CEU5051711011,4,Information
50-517210,Wireless telecommunications carriers (except satellite),50-517000,Private,50,517210,50517210,5,CES5051721001,CEU5051721001,CES5051721003,CEU5051721003,CES5051721002,CEU5051721002,CES5051721011,CEU5051721011,4,Information
50-518000,Internet publishing and broadcasting and web search portals,50-000000,Private,50,518000,50518000,4,CES5051800001,CEU5051800001,CES5051800003,CEU5051800003,CES5051800002,CEU5051800002,CES5051800011,CEU5051800011,3,Information
50-519000,Other information services,50-000000,Private,50,519000,50519000,4,CES5051900001,CEU5051900001,CES5051900003,CEU5051900003,CES5051900002,CEU5051900002,CES5051900011,CEU5051900011,3,Information
55-000000,Financial activities,08-000000,Private,55,000000,55000000,3,CES5500000001,CEU5500000001,CES5500000003,CEU5500000003,CES5500000002,CEU5500000002,CES5500000011,CEU5500000011,2,Financial Activities
55-520000,Finance and insurance,55-000000,Private,55,520000,55520000,4,CES5552000001,CEU5552000001,CES5552000003,CEU5552000003,CES5552000002,CEU5552000002,CES5552000011,CEU5552000011,3,Financial Activities
55-521000,Monetary authorities - central bank,55-520000,Private,55,521000,55521000,5,CES5552100001,CEU5552100001,CES5552100003,CEU5552100003,CES5552100002,CEU5552100002,CES5552100011,CEU5552100011,4,Financial Activities
55-522000,Credit intermediation and related activities,55-520000,Private,55,522000,55522000,5,CES5552200001,CEU5552200001,CES5552200003,CEU5552200003,CES5552200002,CEU5552200002,CES5552200011,CEU5552200011,4,Financial Activities
55-522100,Depository credit intermediation,55-522000,Private,55,522100,55522100,6,CES5552210001,CEU5552210001,CES5552210003,CEU5552210003,CES5552210002,CEU5552210002,CES5552210011,CEU5552210011,5,Financial Activities
55-522110,Commercial banking,55-522100,Private,55,522110,55522110,7,CES5552211001,CEU5552211001,CES5552211003,CEU5552211003,CES5552211002,CEU5552211002,CES5552211011,CEU5552211011,6,Financial Activities
55-522200,Nondepository credit intermediation,55-522000,Private,55,522200,55522200,6,CES5552220001,CEU5552220001,CES5552220003,CEU5552220003,CES5552220002,CEU5552220002,CES5552220011,CEU5552220011,5,Financial Activities
55-522300,Activities related to credit intermediation,55-522000,Private,55,522300,55522300,6,CES5552230001,CEU5552230001,CES5552230003,CEU5552230003,CES5552230002,CEU5552230002,CES5552230011,CEU5552230011,5,Financial Activities
55-523000,Securities - commodity contracts - and other financial investments and related activities,55-520000,Private,55,523000,55523000,5,CES5552300001,CEU5552300001,CES5552300003,CEU5552300003,CES5552300002,CEU5552300002,CES5552300011,CEU5552300011,4,Financial Activities
55-523100,Securities and commodity contracts intermediation and brokerage,55-523000,Private,55,523100,55523100,6,CES5552310001,CEU5552310001,CES5552310003,CEU5552310003,CES5552310002,CEU5552310002,CES5552310011,CEU5552310011,5,Financial Activities
55-523900,Other financial investment activities,55-523000,Private,55,523900,55523900,6,CES5552390001,CEU5552390001,CES5552390003,CEU5552390003,CES5552390002,CEU5552390002,CES5552390011,CEU5552390011,5,Financial Activities
55-524000,Insurance carriers and related activities,55-520000,Private,55,524000,55524000,5,CES5552400001,CEU5552400001,CES5552400003,CEU5552400003,CES5552400002,CEU5552400002,CES5552400011,CEU5552400011,4,Financial Activities
55-524100,Insurance carriers,55-524000,Private,55,524100,55524100,6,CES5552410001,CEU5552410001,CES5552410003,CEU5552410003,CES5552410002,CEU5552410002,CES5552410011,CEU5552410011,5,Financial Activities
55-524200,Agencies - brokerages - and other insurance related activities,55-524000,Private,55,524200,55524200,6,CES5552420001,CEU5552420001,CES5552420003,CEU5552420003,CES5552420002,CEU5552420002,CES5552420011,CEU5552420011,5,Financial Activities
55-525000,Funds - trusts - and other financial vehicles,55-520000,Private,55,525000,55525000,5,CES5552500001,CEU5552500001,CES5552500003,CEU5552500003,CES5552500002,CEU5552500002,CES5552500011,CEU5552500011,4,Financial Activities
55-530000,Real estate and rental and leasing,55-000000,Private,55,530000,55530000,4,CES5553000001,CEU5553000001,CES5553000003,CEU5553000003,CES5553000002,CEU5553000002,CES5553000011,CEU5553000011,3,Financial Activities
55-531000,Real estate,55-530000,Private,55,531000,55531000,5,CES5553100001,CEU5553100001,CES5553100003,CEU5553100003,CES5553100002,CEU5553100002,CES5553100011,CEU5553100011,4,Financial Activities
55-531100,Lessors of real estate,55-531000,Private,55,531100,55531100,6,CES5553110001,CEU5553110001,CES5553110003,CEU5553110003,CES5553110002,CEU5553110002,CES5553110011,CEU5553110011,5,Financial Activities
55-531200,Offices of real estate agents and brokers,55-531000,Private,55,531200,55531200,6,CES5553120001,CEU5553120001,CES5553120003,CEU5553120003,CES5553120002,CEU5553120002,CES5553120011,CEU5553120011,5,Financial Activities
55-531300,Activities related to real estate,55-531000,Private,55,531300,55531300,6,CES5553130001,CEU5553130001,CES5553130003,CEU5553130003,CES5553130002,CEU5553130002,CES5553130011,CEU5553130011,5,Financial Activities
55-532000,Rental and leasing services,55-530000,Private,55,532000,55532000,5,CES5553200001,CEU5553200001,CES5553200003,CEU5553200003,CES5553200002,CEU5553200002,CES5553200011,CEU5553200011,4,Financial Activities
55-533000,Lessors of nonfinancial intangible assets (except copyrighted works),55-530000,Private,55,533000,55533000,5,CES5553300001,CEU5553300001,CES5553300003,CEU5553300003,CES5553300002,CEU5553300002,CES5553300011,CEU5553300011,4,Financial Activities
60-000000,Professional and business services,08-000000,Private,60,000000,60000000,3,CES6000000001,CEU6000000001,CES6000000003,CEU6000000003,CES6000000002,CEU6000000002,CES6000000011,CEU6000000011,2,Professional and Business Services
60-540000,Professional - scientific - and technical services,60-000000,Private,60,540000,60540000,4,CES6054000001,CEU6054000001,CES6054000003,CEU6054000003,CES6054000002,CEU6054000002,CES6054000011,CEU6054000011,3,Professional and Business Services
60-540100,Legal services,60-540000,Private,60,540100,60540100,5,CES6054010001,CEU6054010001,CES6054010003,CEU6054010003,CES6054010002,CEU6054010002,CES6054010011,CEU6054010011,4,Professional and Business Services
60-540200,Accounting - tax preparation - bookkeeping - and payroll services,60-540000,Private,60,540200,60540200,5,CES6054020001,CEU6054020001,CES6054020003,CEU6054020003,CES6054020002,CEU6054020002,CES6054020011,CEU6054020011,4,Professional and Business Services
60-540300,Architectural - engineering - and related services,60-540000,Private,60,540300,60540300,5,CES6054030001,CEU6054030001,CES6054030003,CEU6054030003,CES6054030002,CEU6054030002,CES6054030011,CEU6054030011,4,Professional and Business Services
60-540400,Specialized design services,60-540000,Private,60,540400,60540400,5,CES6054040001,CEU6054040001,CES6054040003,CEU6054040003,CES6054040002,CEU6054040002,CES6054040011,CEU6054040011,4,Professional and Business Services
60-540500,Computer systems design and related services,60-540000,Private,60,540500,60540500,5,CES6054050001,CEU6054050001,CES6054050003,CEU6054050003,CES6054050002,CEU6054050002,CES6054050011,CEU6054050011,4,Professional and Business Services
60-540600,Management - scientific - and technical consulting services,60-540000,Private,60,540600,60540600,5,CES6054060001,CEU6054060001,CES6054060003,CEU6054060003,CES6054060002,CEU6054060002,CES6054060011,CEU6054060011,4,Professional and Business Services
60-540700,Scientific research and development services,60-540000,Private,60,540700,60540700,5,CES6054070001,CEU6054070001,CES6054070003,CEU6054070003,CES6054070002,CEU6054070002,CES6054070011,CEU6054070011,4,Professional and Business Services
60-540800,Advertising - public relations - and related services,60-540000,Private,60,540800,60540800,5,CES6054080001,CEU6054080001,CES6054080003,CEU6054080003,CES6054080002,CEU6054080002,CES6054080011,CEU6054080011,4,Professional and Business Services
60-540900,Other professional - scientific - and technical services,60-540000,Private,60,540900,60540900,5,CES6054090001,CEU6054090001,CES6054090003,CEU6054090003,CES6054090002,CEU6054090002,CES6054090011,CEU6054090011,4,Professional and Business Services
60-550000,Management of companies and enterprises,60-000000,Private,60,550000,60550000,4,CES6055000001,CEU6055000001,CES6055000003,CEU6055000003,CES6055000002,CEU6055000002,CES6055000011,CEU6055000011,3,Professional and Business Services
60-560000,Administrative and support and waste management and remediation services,60-000000,Private,60,560000,60560000,4,CES6056000001,CEU6056000001,CES6056000003,CEU6056000003,CES6056000002,CEU6056000002,CES6056000011,CEU6056000011,3,Professional and Business Services
60-561000,Administrative and support services,60-560000,Private,60,561000,60561000,5,CES6056100001,CEU6056100001,CES6056100003,CEU6056100003,CES6056100002,CEU6056100002,CES6056100011,CEU6056100011,4,Professional and Business Services
60-561100,Office administrative services,60-561000,Private,60,561100,60561100,6,CES6056110001,CEU6056110001,CES6056110003,CEU6056110003,CES6056110002,CEU6056110002,CES6056110011,CEU6056110011,5,Professional and Business Services
60-561200,Facilities support services,60-561000,Private,60,561200,60561200,6,CES6056120001,CEU6056120001,CES6056120003,CEU6056120003,CES6056120002,CEU6056120002,CES6056120011,CEU6056120011,5,Professional and Business Services
60-561300,Employment services,60-561000,Private,60,561300,60561300,6,CES6056130001,CEU6056130001,CES6056130003,CEU6056130003,CES6056130002,CEU6056130002,CES6056130011,CEU6056130011,5,Professional and Business Services
60-561310,Employment placement agencies and executive search services,60-561300,Private,60,561310,60561310,7,CES6056131001,CEU6056131001,CES6056131003,CEU6056131003,CES6056131002,CEU6056131002,CES6056131011,CEU6056131011,6,Professional and Business Services
60-561320,Temporary help services,60-561300,Private,60,561320,60561320,7,CES6056132001,CEU6056132001,CES6056132003,CEU6056132003,CES6056132002,CEU6056132002,CES6056132011,CEU6056132011,6,Professional and Business Services
60-561330,Professional employer organizations,60-561300,Private,60,561330,60561330,7,CES6056133001,CEU6056133001,CES6056133003,CEU6056133003,CES6056133002,CEU6056133002,CES6056133011,CEU6056133011,6,Professional and Business Services
60-561400,Business support services,60-561000,Private,60,561400,60561400,6,CES6056140001,CEU6056140001,CES6056140003,CEU6056140003,CES6056140002,CEU6056140002,CES6056140011,CEU6056140011,5,Professional and Business Services
60-561500,Travel arrangement and reservation services,60-561000,Private,60,561500,60561500,6,CES6056150001,CEU6056150001,CES6056150003,CEU6056150003,CES6056150002,CEU6056150002,CES6056150011,CEU6056150011,5,Professional and Business Services
60-561600,Investigation and security services,60-561000,Private,60,561600,60561600,6,CES6056160001,CEU6056160001,CES6056160003,CEU6056160003,CES6056160002,CEU6056160002,CES6056160011,CEU6056160011,5,Professional and Business Services
60-561700,Services to buildings and dwellings,60-561000,Private,60,561700,60561700,6,CES6056170001,CEU6056170001,CES6056170003,CEU6056170003,CES6056170002,CEU6056170002,CES6056170011,CEU6056170011,5,Professional and Business Services
60-561720,Janitorial services,60-561700,Private,60,561720,60561720,7,CES6056172001,CEU6056172001,CES6056172003,CEU6056172003,CES6056172002,CEU6056172002,CES6056172011,CEU6056172011,6,Professional and Business Services
60-561730,Landscaping services,60-561700,Private,60,561730,60561730,7,CES6056173001,CEU6056173001,CES6056173003,CEU6056173003,CES6056173002,CEU6056173002,CES6056173011,CEU6056173011,6,Professional and Business Services
60-561900,Other support services,60-561000,Private,60,561900,60561900,6,CES6056190001,CEU6056190001,CES6056190003,CEU6056190003,CES6056190002,CEU6056190002,CES6056190011,CEU6056190011,5,Professional and Business Services
60-562000,Waste management and remediation services,60-560000,Private,60,562000,60562000,5,CES6056200001,CEU6056200001,CES6056200003,CEU6056200003,CES6056200002,CEU6056200002,CES6056200011,CEU6056200011,4,Professional and Business Services
65-000000,Education and health services,08-000000,Private,65,000000,65000000,3,CES6500000001,CEU6500000001,CES6500000003,CEU6500000003,CES6500000002,CEU6500000002,CES6500000011,CEU6500000011,2,Education and Health Services
65-610000,Educational services,65-000000,Private,65,610000,65610000,4,CES6561000001,CEU6561000001,CES6561000003,CEU6561000003,CES6561000002,CEU6561000002,CES6561000011,CEU6561000011,3,Education and Health Services
65-611100,Elementary and secondary schools,65-610000,Private,65,611100,65611100,5,CES6561110001,CEU6561110001,CES6561110003,CEU6561110003,CES6561110002,CEU6561110002,CES6561110011,CEU6561110011,4,Education and Health Services
65-611300,Colleges - universities - and professional schools,65-610000,Private,65,611300,65611300,5,CES6561130001,CEU6561130001,CES6561130003,CEU6561130003,CES6561130002,CEU6561130002,CES6561130011,CEU6561130011,4,Education and Health Services
65-611500,Technical and trade schools,65-610000,Private,65,611500,65611500,5,CES6561150001,CEU6561150001,CES6561150003,CEU6561150003,CES6561150002,CEU6561150002,CES6561150011,CEU6561150011,4,Education and Health Services
65-611600,Other schools and instruction,65-610000,Private,65,611600,65611600,5,CES6561160001,CEU6561160001,CES6561160003,CEU6561160003,CES6561160002,CEU6561160002,CES6561160011,CEU6561160011,4,Education and Health Services
65-620000,Health care and social assistance,65-000000,Private,65,620000,65620000,4,CES6562000001,CEU6562000001,CES6562000003,CEU6562000003,CES6562000002,CEU6562000002,CES6562000011,CEU6562000011,3,Education and Health Services
65-621000,Ambulatory health care services,65-620000,Private,65,621000,65621000,5,CES6562100001,CEU6562100001,CES6562100003,CEU6562100003,CES6562100002,CEU6562100002,CES6562100011,CEU6562100011,4,Education and Health Services
65-621100,Offices of physicians,65-621000,Private,65,621100,65621100,6,CES6562110001,CEU6562110001,CES6562110003,CEU6562110003,CES6562110002,CEU6562110002,CES6562110011,CEU6562110011,5,Education and Health Services
65-621111,Offices of physicians (except mental health specialists),65-621100,Private,65,621111,65621111,7,CES6562111101,CEU6562111101,CES6562111103,CEU6562111103,CES6562111102,CEU6562111102,CES6562111111,CEU6562111111,6,Education and Health Services
65-621200,Offices of dentists,65-621000,Private,65,621200,65621200,6,CES6562120001,CEU6562120001,CES6562120003,CEU6562120003,CES6562120002,CEU6562120002,CES6562120011,CEU6562120011,5,Education and Health Services
65-621300,Offices of other health practitioners,65-621000,Private,65,621300,65621300,6,CES6562130001,CEU6562130001,CES6562130003,CEU6562130003,CES6562130002,CEU6562130002,CES6562130011,CEU6562130011,5,Education and Health Services
65-621400,Outpatient care centers,65-621000,Private,65,621400,65621400,6,CES6562140001,CEU6562140001,CES6562140003,CEU6562140003,CES6562140002,CEU6562140002,CES6562140011,CEU6562140011,5,Education and Health Services
65-621500,Medical and diagnostic laboratories,65-621000,Private,65,621500,65621500,6,CES6562150001,CEU6562150001,CES6562150003,CEU6562150003,CES6562150002,CEU6562150002,CES6562150011,CEU6562150011,5,Education and Health Services
65-621600,Home health care services,65-621000,Private,65,621600,65621600,6,CES6562160001,CEU6562160001,CES6562160003,CEU6562160003,CES6562160002,CEU6562160002,CES6562160011,CEU6562160011,5,Education and Health Services
65-621900,Other ambulatory health care services,65-621000,Private,65,621900,65621900,6,CES6562190001,CEU6562190001,CES6562190003,CEU6562190003,CES6562190002,CEU6562190002,CES6562190011,CEU6562190011,5,Education and Health Services
65-621910,Ambulance services,65-621900,Private,65,621910,65621910,7,CES6562191001,CEU6562191001,CES6562191003,CEU6562191003,CES6562191002,CEU6562191002,CES6562191011,CEU6562191011,6,Education and Health Services
65-622000,Hospitals,65-620000,Private,65,622000,65622000,5,CES6562200001,CEU6562200001,CES6562200003,CEU6562200003,CES6562200002,CEU6562200002,CES6562200011,CEU6562200011,4,Education and Health Services
65-622100,General medical and surgical hospitals,65-622000,Private,65,622100,65622100,6,CES6562210001,CEU6562210001,CES6562210003,CEU6562210003,CES6562210002,CEU6562210002,CES6562210011,CEU6562210011,5,Education and Health Services
65-622200,Psychiatric and substance abuse hospitals,65-622000,Private,65,622200,65622200,6,CES6562220001,CEU6562220001,CES6562220003,CEU6562220003,CES6562220002,CEU6562220002,CES6562220011,CEU6562220011,5,Education and Health Services
65-622300,Specialty (except psychiatric and substance abuse) hospitals,65-622000,Private,65,622300,65622300,6,CES6562230001,CEU6562230001,CES6562230003,CEU6562230003,CES6562230002,CEU6562230002,CES6562230011,CEU6562230011,5,Education and Health Services
65-623000,Nursing and residential care facilities,65-620000,Private,65,623000,65623000,5,CES6562300001,CEU6562300001,CES6562300003,CEU6562300003,CES6562300002,CEU6562300002,CES6562300011,CEU6562300011,4,Education and Health Services
65-623100,Nursing care facilities (skilled nursing facilities),65-623000,Private,65,623100,65623100,6,CES6562310001,CEU6562310001,CES6562310003,CEU6562310003,CES6562310002,CEU6562310002,CES6562310011,CEU6562310011,5,Education and Health Services
65-623200,Residential intellectual and developmental disability - mental health - and substance abuse facilities,65-623000,Private,65,623200,65623200,6,CES6562320001,CEU6562320001,CES6562320003,CEU6562320003,CES6562320002,CEU6562320002,CES6562320011,CEU6562320011,5,Education and Health Services
65-623300,Continuing care retirement communities and assisted living facilities for the elderly,65-623000,Private,65,623300,65623300,6,CES6562330001,CEU6562330001,CES6562330003,CEU6562330003,CES6562330002,CEU6562330002,CES6562330011,CEU6562330011,5,Education and Health Services
65-624000,Social assistance,65-620000,Private,65,624000,65624000,5,CES6562400001,CEU6562400001,CES6562400003,CEU6562400003,CES6562400002,CEU6562400002,CES6562400011,CEU6562400011,4,Education and Health Services
65-624100,Individual and family services,65-624000,Private,65,624100,65624100,6,CES6562410001,CEU6562410001,CES6562410003,CEU6562410003,CES6562410002,CEU6562410002,CES6562410011,CEU6562410011,5,Education and Health Services
65-624200,Community food and housing - and emergency and other relief services,65-624000,Private,65,624200,65624200,6,CES6562420001,CEU6562420001,CES6562420003,CEU6562420003,CES6562420002,CEU6562420002,CES6562420011,CEU6562420011,5,Education and Health Services
65-624310,Vocational rehabilitation services,65-624000,Private,65,624310,65624310,6,CES6562431001,CEU6562431001,CES6562431003,CEU6562431003,CES6562431002,CEU6562431002,CES6562431011,CEU6562431011,5,Education and Health Services
65-624400,Child day care services,65-624000,Private,65,624400,65624400,6,CES6562440001,CEU6562440001,CES6562440003,CEU6562440003,CES6562440002,CEU6562440002,CES6562440011,CEU6562440011,5,Education and Health Services
70-000000,Leisure and hospitality,08-000000,Private,70,000000,70000000,3,CES7000000001,CEU7000000001,CES7000000003,CEU7000000003,CES7000000002,CEU7000000002,CES7000000011,CEU7000000011,2,Leisure and Hospitality
70-710000,Arts - entertainment - and recreation,70-000000,Private,70,710000,70710000,4,CES7071000001,CEU7071000001,CES7071000003,CEU7071000003,CES7071000002,CEU7071000002,CES7071000011,CEU7071000011,3,Leisure and Hospitality
70-711000,Performing arts - spectator sports - and related industries,70-710000,Private,70,711000,70711000,5,CES7071100001,CEU7071100001,CES7071100003,CEU7071100003,CES7071100002,CEU7071100002,CES7071100011,CEU7071100011,4,Leisure and Hospitality
70-711100,Performing arts companies,70-711000,Private,70,711100,70711100,6,CES7071110001,CEU7071110001,CES7071110003,CEU7071110003,CES7071110002,CEU7071110002,CES7071110011,CEU7071110011,5,Leisure and Hospitality
70-711200,Spectator sports,70-711000,Private,70,711200,70711200,6,CES7071120001,CEU7071120001,CES7071120003,CEU7071120003,CES7071120002,CEU7071120002,CES7071120011,CEU7071120011,5,Leisure and Hospitality
70-711300,Promoters of performing arts - sports - and similar events,70-711000,Private,70,711300,70711300,6,CES7071130001,CEU7071130001,CES7071130003,CEU7071130003,CES7071130002,CEU7071130002,CES7071130011,CEU7071130011,5,Leisure and Hospitality
70-711500,Independent artists - writers - and performers,70-711000,Private,70,711500,70711500,6,CES7071150001,CEU7071150001,CES7071150003,CEU7071150003,CES7071150002,CEU7071150002,CES7071150011,CEU7071150011,5,Leisure and Hospitality
70-712000,Museums - historical sites - and similar institutions,70-710000,Private,70,712000,70712000,5,CES7071200001,CEU7071200001,CES7071200003,CEU7071200003,CES7071200002,CEU7071200002,CES7071200011,CEU7071200011,4,Leisure and Hospitality
70-713000,Amusement - gambling - and recreation industries,70-710000,Private,70,713000,70713000,5,CES7071300001,CEU7071300001,CES7071300003,CEU7071300003,CES7071300002,CEU7071300002,CES7071300011,CEU7071300011,4,Leisure and Hospitality
70-713100,Amusement parks and arcades,70-713000,Private,70,713100,70713100,6,CES7071310001,CEU7071310001,CES7071310003,CEU7071310003,CES7071310002,CEU7071310002,CES7071310011,CEU7071310011,5,Leisure and Hospitality
70-713200,Gambling industries,70-713000,Private,70,713200,70713200,6,CES7071320001,CEU7071320001,CES7071320003,CEU7071320003,CES7071320002,CEU7071320002,CES7071320011,CEU7071320011,5,Leisure and Hospitality
70-713900,Other amusement and recreation industries,70-713000,Private,70,713900,70713900,6,CES7071390001,CEU7071390001,CES7071390003,CEU7071390003,CES7071390002,CEU7071390002,CES7071390011,CEU7071390011,5,Leisure and Hospitality
70-713940,Fitness and recreational sports centers,70-713900,Private,70,713940,70713940,7,CES7071394001,CEU7071394001,CES7071394003,CEU7071394003,CES7071394002,CEU7071394002,CES7071394011,CEU7071394011,6,Leisure and Hospitality
70-720000,Accommodation and food services,70-000000,Private,70,720000,70720000,4,CES7072000001,CEU7072000001,CES7072000003,CEU7072000003,CES7072000002,CEU7072000002,CES7072000011,CEU7072000011,3,Leisure and Hospitality
70-721000,Accommodation,70-720000,Private,70,721000,70721000,5,CES7072100001,CEU7072100001,CES7072100003,CEU7072100003,CES7072100002,CEU7072100002,CES7072100011,CEU7072100011,4,Leisure and Hospitality
70-721100,Traveler accommodation,70-721000,Private,70,721100,70721100,6,CES7072110001,CEU7072110001,CES7072110003,CEU7072110003,CES7072110002,CEU7072110002,CES7072110011,CEU7072110011,5,Leisure and Hospitality
70-721110,Hotels (except casino hotels) and motels,70-721100,Private,70,721110,70721110,7,CES7072111001,CEU7072111001,CES7072111003,CEU7072111003,CES7072111002,CEU7072111002,CES7072111011,CEU7072111011,6,Leisure and Hospitality
70-721120,Casino hotels,70-721100,Private,70,721120,70721120,7,CES7072112001,CEU7072112001,CES7072112003,CEU7072112003,CES7072112002,CEU7072112002,CES7072112011,CEU7072112011,6,Leisure and Hospitality
70-722000,Food services and drinking places,70-720000,Private,70,722000,70722000,5,CES7072200001,CEU7072200001,CES7072200003,CEU7072200003,CES7072200002,CEU7072200002,CES7072200011,CEU7072200011,4,Leisure and Hospitality
70-722300,Special food services,70-722000,Private,70,722300,70722300,6,CES7072230001,CEU7072230001,CES7072230003,CEU7072230003,CES7072230002,CEU7072230002,CES7072230011,CEU7072230011,5,Leisure and Hospitality
70-722500,Restaurants and other eating places,70-722000,Private,70,722500,70722500,6,CES7072250001,CEU7072250001,CES7072250003,CEU7072250003,CES7072250002,CEU7072250002,CES7072250011,CEU7072250011,5,Leisure and Hospitality
70-722511,Full-service restaurants,70-722500,Private,70,722511,70722511,7,CES7072251101,CEU7072251101,CES7072251103,CEU7072251103,CES7072251102,CEU7072251102,CES7072251111,CEU7072251111,6,Leisure and Hospitality
70-722513,Limited-service restaurants,70-722500,Private,70,722513,70722513,7,CES7072251301,CEU7072251301,CES7072251303,CEU7072251303,CES7072251302,CEU7072251302,CES7072251311,CEU7072251311,6,Leisure and Hospitality
70-722514,Drinking places (alcoholic beverages),70-722000,Private,70,722514,70722514,6,CES7072251401,CEU7072251401,CES7072251403,CEU7072251403,CES7072251402,CEU7072251402,CES7072251411,CEU7072251411,5,Leisure and Hospitality
70-722515,Cafeterias - grill buffets - and buffets,70-722500,Private,70,722515,70722515,7,CES7072251501,CEU7072251501,CES7072251503,CEU7072251503,CES7072251502,CEU7072251502,CES7072251511,CEU7072251511,6,Leisure and Hospitality
80-000000,Other services,08-000000,Private,80,000000,80000000,3,CES8000000001,CEU8000000001,CES8000000003,CEU8000000003,CES8000000002,CEU8000000002,CES8000000011,CEU8000000011,2,Other Services
80-811000,Repair and maintenance,80-000000,Private,80,811000,80811000,4,CES8081100001,CEU8081100001,CES8081100003,CEU8081100003,CES8081100002,CEU8081100002,CES8081100011,CEU8081100011,3,Other Services
80-811100,Automotive repair and maintenance,80-811000,Private,80,811100,80811100,5,CES8081110001,CEU8081110001,CES8081110003,CEU8081110003,CES8081110002,CEU8081110002,CES8081110011,CEU8081110011,4,Other Services
80-811110,General automotive repair,80-811100,Private,80,811110,80811110,6,CES8081111001,CEU8081111001,CES8081111003,CEU8081111003,CES8081111002,CEU8081111002,CES8081111011,CEU8081111011,5,Other Services
80-811200,Electronic and precision equipment repair and maintenance,80-811000,Private,80,811200,80811200,5,CES8081120001,CEU8081120001,CES8081120003,CEU8081120003,CES8081120002,CEU8081120002,CES8081120011,CEU8081120011,4,Other Services
80-811300,Commercial and industrial machinery and equipment (except automotive and electronic) repair and maintenance,80-811000,Private,80,811300,80811300,5,CES8081130001,CEU8081130001,CES8081130003,CEU8081130003,CES8081130002,CEU8081130002,CES8081130011,CEU8081130011,4,Other Services
80-811400,Personal and household goods repair and maintenance,80-811000,Private,80,811400,80811400,5,CES8081140001,CEU8081140001,CES8081140003,CEU8081140003,CES8081140002,CEU8081140002,CES8081140011,CEU8081140011,4,Other Services
80-812000,Personal and laundry services,80-000000,Private,80,812000,80812000,4,CES8081200001,CEU8081200001,CES8081200003,CEU8081200003,CES8081200002,CEU8081200002,CES8081200011,CEU8081200011,3,Other Services
80-812100,Personal care services,80-812000,Private,80,812100,80812100,5,CES8081210001,CEU8081210001,CES8081210003,CEU8081210003,CES8081210002,CEU8081210002,CES8081210011,CEU8081210011,4,Other Services
80-812111,Barber shops,80-812100,Private,80,812111,80812111,6,CES8081211101,CEU8081211101,CES8081211103,CEU8081211103,CES8081211102,CEU8081211102,CES8081211111,CEU8081211111,5,Other Services
80-812112,Beauty salons,80-812100,Private,80,812112,80812112,6,CES8081211201,CEU8081211201,CES8081211203,CEU8081211203,CES8081211202,CEU8081211202,CES8081211211,CEU8081211211,5,Other Services
80-812200,Death care services,80-812000,Private,80,812200,80812200,5,CES8081220001,CEU8081220001,CES8081220003,CEU8081220003,CES8081220002,CEU8081220002,CES8081220011,CEU8081220011,4,Other Services
80-812300,Drycleaning and laundry services,80-812000,Private,80,812300,80812300,5,CES8081230001,CEU8081230001,CES8081230003,CEU8081230003,CES8081230002,CEU8081230002,CES8081230011,CEU8081230011,4,Other Services
80-812900,Other personal services,80-812000,Private,80,812900,80812900,5,CES8081290001,CEU8081290001,CES8081290003,CEU8081290003,CES8081290002,CEU8081290002,CES8081290011,CEU8081290011,4,Other Services
80-813000,Religious - grantmaking - civic - professional - and similar organizations,80-000000,Private,80,813000,80813000,4,CES8081300001,CEU8081300001,CES8081300003,CEU8081300003,CES8081300002,CEU8081300002,CES8081300011,CEU8081300011,3,Other Services
80-813100,Religious organizations,80-813000,Private,80,813100,80813100,5,CES8081310001,CEU8081310001,CES8081310003,CEU8081310003,CES8081310002,CEU8081310002,CES8081310011,CEU8081310011,4,Other Services
80-813200,Grantmaking and giving services,80-813000,Private,80,813200,80813200,5,CES8081320001,CEU8081320001,CES8081320003,CEU8081320003,CES8081320002,CEU8081320002,CES8081320011,CEU8081320011,4,Other Services
80-813300,Social advocacy organizations,80-813000,Private,80,813300,80813300,5,CES8081330001,CEU8081330001,CES8081330003,CEU8081330003,CES8081330002,CEU8081330002,CES8081330011,CEU8081330011,4,Other Services
80-813400,Civic and social organizations,80-813000,Private,80,813400,80813400,5,CES8081340001,CEU8081340001,CES8081340003,CEU8081340003,CES8081340002,CEU8081340002,CES8081340011,CEU8081340011,4,Other Services
80-813900,Business - professional - labor - political - and similar organizations,80-813000,Private,80,813900,80813900,5,CES8081390001,CEU8081390001,CES8081390003,CEU8081390003,CES8081390002,CEU8081390002,CES8081390011,CEU8081390011,4,Other Services
90-000000,Government,00-000000,Government,90,000000,90000000,1,CES9000000001,CEU9000000001,CES9000000003,CEU9000000003,CES9000000002,CEU9000000002,CES9000000011,CEU9000000011,2,Government
90-910000,Federal,90-000000,Federal government,90,910000,90910000,2,CES9091000001,CEU9091000001,CES9091000003,CEU9091000003,CES9091000002,CEU9091000002,CES9091000011,CEU9091000011,3,Government
90-911000,Federal - except U.S. Postal Service,90-910000,Federal government,90,911000,90911000,3,CES9091100001,CEU9091100001,CES9091100003,CEU9091100003,CES9091100002,CEU9091100002,CES9091100011,CEU9091100011,4,Government
90-919120,U.S. Postal Service,90-910000,Federal government,90,919120,90919120,3,CES9091912001,CEU9091912001,CES9091912003,CEU9091912003,CES9091912002,CEU9091912002,CES9091912011,CEU9091912011,4,Government
90-920000,State government,90-000000,State government,90,920000,90920000,2,CES9092000001,CEU9092000001,CES9092000003,CEU9092000003,CES9092000002,CEU9092000002,CES9092000011,CEU9092000011,3,Government
90-921611,State government education,90-920000,State government,90,921611,90921611,3,CES9092161101,CEU9092161101,CES9092161103,CEU9092161103,CES9092161102,CEU9092161102,CES9092161111,CEU9092161111,4,Government
90-922000,State government - excluding education,90-920000,State government,90,922000,90922000,3,CES9092200001,CEU9092200001,CES9092200003,CEU9092200003,CES9092200002,CEU9092200002,CES9092200011,CEU9092200011,4,Government
90-930000,Local government,90-000000,Local government,90,930000,90930000,2,CES9093000001,CEU9093000001,CES9093000003,CEU9093000003,CES9093000002,CEU9093000002,CES9093000011,CEU9093000011,3,Government
90-931611,Local government education,90-930000,Local government,90,931611,90931611,3,CES9093161101,CEU9093161101,CES9093161103,CEU9093161103,CES9093161102,CEU9093161102,CES9093161111,CEU9093161111,4,Government
90-932000,Local government - excluding education,90-930000,Local government,90,932000,90932000,3,CES9093200001,CEU9093200001,CES9093200003,CEU9093200003,CES9093200002,CEU9093200002,CES9093200011,CEU9093200011,4,Government
